time,latitude,longitude,altitude,speed,yaw,pitch,roll,yaw_rate,pitch_rate,roll_rate
0.0,32.1200000000,126.0000000000,300.000,200.000,180.000000,0.000000,0.000000,0.000000,0.000000,0.000000
0.1,32.1198209591,126.0000000000,300.000,200.000,180.000000,0.000000,0.000000,0.000000,0.000000,0.000000
0.2,32.1196419182,126.0000000000,300.000,200.000,180.000000,0.000000,0.000000,0.000000,0.000000,0.000000
0.3,32.1194628772,126.0000000000,300.000,200.000,180.000000,0.000000,0.000000,0.000000,0.000000,0.000000
0.4,32.1192838363,126.0000000000,300.000,200.000,180.000000,0.000000,0.000000,0.000000,0.000000,0.000000
0.5,32.1191047954,126.0000000000,300.000,200.000,180.000000,0.000000,0.000000,0.000000,0.000000,0.000000
0.6,32.1189257545,126.0000000000,300.000,200.000,180.000000,0.000000,0.000000,0.000000,0.000000,0.000000
0.7,32.1187467136,126.0000000000,300.000,200.000,180.000000,0.000000,0.000000,0.000000,0.000000,0.000000
0.8,32.1185676727,126.0000000000,300.000,200.000,180.000000,0.000000,0.000000,0.000000,0.000000,0.000000
0.9,32.1183886317,126.0000000000,300.000,200.000,180.000000,0.000000,0.000000,0.000000,0.000000,0.000000
1.0,32.1182095908,126.0000000000,300.000,200.000,180.000000,0.000000,0.000000,0.000000,0.000000,0.000000
1.1,32.1180305499,126.0000000000,300.000,200.000,180.000000,0.000000,0.000000,0.000000,0.000000,0.000000
1.2,32.1178515090,126.0000000000,300.000,200.000,180.000000,0.000000,0.000000,0.000000,0.000000,0.000000
1.3,32.1176724681,126.0000000000,300.000,200.000,180.000000,0.000000,0.000000,0.000000,0.000000,0.000000
1.4,32.1174934271,126.0000000000,300.000,200.000,180.000000,0.000000,0.000000,0.000000,0.000000,0.000000
1.5,32.1173143862,126.0000000000,300.000,200.000,180.000000,0.000000,0.000000,0.000000,0.000000,0.000000
1.6,32.1171353453,126.0000000000,300.000,200.000,180.000000,0.000000,0.000000,0.000000,0.000000,0.000000
1.7,32.1169563044,126.0000000000,300.001,200.000,180.000000,0.000000,0.000000,0.000000,0.000000,0.000000
1.8,32.1167772635,126.0000000000,300.001,200.000,180.000000,0.000000,0.000000,0.000000,0.000000,0.000000
1.9,32.1165982225,126.0000000000,300.001,200.000,180.000000,0.000000,0.000000,0.000000,0.000000,0.000000
2.0,32.1164191816,126.0000000000,300.001,200.000,180.000000,0.000000,0.000000,0.000000,0.000000,0.000000
2.1,32.1162401407,126.0000000000,300.001,200.000,180.000000,0.000000,0.000000,0.000000,0.000000,0.000000
2.2,32.1160610998,126.0000000000,300.001,200.000,180.000000,0.000000,0.000000,0.000000,0.000000,0.000000
2.3,32.1158820589,126.0000000000,300.001,200.000,180.000000,0.000000,0.000000,0.000000,0.000000,0.000000
2.4,32.1157030180,126.0000000000,300.001,200.000,180.000000,0.000000,0.000000,0.000000,0.000000,0.000000
2.5,32.1155239770,126.0000000000,300.001,200.000,180.000000,0.000000,0.000000,0.000000,0.000000,0.000000
2.6,32.1153449361,126.0000000000,300.001,200.000,180.000000,0.000000,0.000000,0.000000,0.000000,0.000000
2.7,32.1151658952,126.0000000000,300.001,200.000,180.000000,0.000000,0.000000,0.000000,0.000000,0.000000
2.8,32.1149868543,126.0000000000,300.001,200.000,180.000000,0.000000,0.000000,0.000000,0.000000,0.000000
2.9,32.1148078134,126.0000000000,300.001,200.000,180.000000,0.000000,0.000000,0.000000,0.000000,0.000000
3.0,32.1146287724,126.0000000000,300.001,200.000,180.000000,0.000000,0.000000,0.000000,0.000000,0.000000
3.1,32.1144497315,126.0000000000,300.001,200.000,180.000000,0.000000,0.000000,0.000000,0.000000,0.000000
3.2,32.1142706906,126.0000000000,300.001,200.000,180.000000,0.000000,0.000000,0.000000,0.000000,0.000000
3.3,32.1140916497,126.0000000000,300.001,200.000,180.000000,0.000000,0.000000,0.000000,0.000000,0.000000
3.4,32.1139126088,126.0000000000,300.001,200.000,180.000000,0.000000,0.000000,0.000000,0.000000,0.000000
3.5,32.1137335679,126.0000000000,300.001,200.000,180.000000,0.000000,0.000000,0.000000,0.000000,0.000000
3.6,32.1135545269,126.0000000000,300.001,200.000,180.000000,0.000000,0.000000,0.000000,0.000000,0.000000
3.7,32.1133754860,126.0000000000,300.001,200.000,180.000000,0.000000,0.000000,0.000000,0.000000,0.000000
3.8,32.1131964451,126.0000000000,300.001,200.000,180.000000,0.000000,0.000000,0.000000,0.000000,0.000000
3.9,32.1130174042,126.0000000000,300.001,200.000,180.000000,0.000000,0.000000,0.000000,0.000000,0.000000
4.0,32.1128383633,126.0000000000,300.001,200.000,180.000000,0.000000,0.000000,0.000000,0.000000,0.000000
4.1,32.1126593223,126.0000000000,300.001,200.000,180.000000,0.000000,0.000000,0.000000,0.000000,0.000000
4.2,32.1124802814,126.0000000000,300.001,200.000,180.000000,0.000000,0.000000,0.000000,0.000000,0.000000
4.3,32.1123012405,126.0000000000,300.001,200.000,180.000000,0.000000,0.000000,0.000000,0.000000,0.000000
4.4,32.1121221996,126.0000000000,300.001,200.000,180.000000,0.000000,0.000000,0.000000,0.000000,0.000000
4.5,32.1119431587,126.0000000000,300.001,200.000,180.000000,0.000000,0.000000,0.000000,0.000000,0.000000
4.6,32.1117641178,126.0000000000,300.001,200.000,180.000000,0.000000,0.000000,0.000000,0.000000,0.000000
4.7,32.1115850768,126.0000000000,300.001,200.000,180.000000,0.000000,0.000000,0.000000,0.000000,0.000000
4.8,32.1114060359,126.0000000000,300.001,200.000,180.000000,0.000000,0.000000,0.000000,0.000000,0.000000
4.9,32.1112269950,126.0000000000,300.002,200.000,180.000000,0.000000,0.000000,0.000000,0.000000,0.000000
5.0,32.1110479541,126.0000000000,300.002,200.000,180.000000,0.000000,0.000000,0.000000,0.000000,0.000000
5.1,32.1108689132,126.0000000000,300.002,200.000,180.000000,0.000000,0.000000,0.000000,0.000000,0.000000
5.2,32.1106898722,126.0000000000,300.002,200.000,180.000000,0.000000,0.000000,0.000000,0.000000,0.000000
5.3,32.1105108313,126.0000000000,300.002,200.000,180.000000,0.000000,0.000000,0.000000,0.000000,0.000000
5.4,32.1103317904,126.0000000000,300.002,200.000,180.000000,0.000000,0.000000,0.000000,0.000000,0.000000
5.5,32.1101527495,126.0000000000,300.002,200.000,180.000000,0.000000,0.000000,0.000000,0.000000,0.000000
5.6,32.1099737086,126.0000000000,300.002,200.000,180.000000,0.000000,0.000000,0.000000,0.000000,0.000000
5.7,32.1097946677,126.0000000000,300.002,200.000,180.000000,0.000000,0.000000,0.000000,0.000000,0.000000
5.8,32.1096156267,126.0000000000,300.002,200.000,180.000000,0.000000,0.000000,0.000000,0.000000,0.000000
5.9,32.1094365858,126.0000000000,300.002,200.000,180.000000,0.000000,0.000000,0.000000,0.000000,0.000000
6.0,32.1092575449,126.0000000000,300.002,200.000,180.000000,0.000000,0.000000,0.000000,0.000000,0.000000
6.1,32.1090785040,126.0000000000,300.002,200.000,180.000000,0.000000,0.000000,0.000000,0.000000,0.000000
6.2,32.1088994631,126.0000000000,300.002,200.000,180.000000,0.000000,0.000000,0.000000,0.000000,0.000000
6.3,32.1087204221,126.0000000000,300.002,200.000,180.000000,0.000000,0.000000,0.000000,0.000000,0.000000
6.4,32.1085413812,126.0000000000,300.002,200.000,180.000000,0.000000,0.000000,0.000000,0.000000,0.000000
6.5,32.1083623403,126.0000000000,300.002,200.000,180.000000,0.000000,0.000000,0.000000,0.000000,0.000000
6.6,32.1081832994,126.0000000000,300.002,200.000,180.000000,0.000000,0.000000,0.000000,0.000000,0.000000
6.7,32.1080042585,126.0000000000,300.002,200.000,180.000000,0.000000,0.000000,0.000000,0.000000,0.000000
6.8,32.1078252175,126.0000000000,300.002,200.000,180.000000,0.000000,0.000000,0.000000,0.000000,0.000000
6.9,32.1076461766,126.0000000000,300.002,200.000,180.000000,0.000000,0.000000,0.000000,0.000000,0.000000
7.0,32.1074671357,126.0000000000,300.002,200.000,180.000000,0.000000,0.000000,0.000000,0.000000,0.000000
7.1,32.1072880948,126.0000000000,300.002,200.000,180.000000,0.000000,0.000000,0.000000,0.000000,0.000000
7.2,32.1071090539,126.0000000000,300.002,200.000,180.000000,0.000000,0.000000,0.000000,0.000000,0.000000
7.3,32.1069300130,126.0000000000,300.002,200.000,180.000000,0.000000,0.000000,0.000000,0.000000,0.000000
7.4,32.1067509720,126.0000000000,300.002,200.000,180.000000,0.000000,0.000000,0.000000,0.000000,0.000000
7.5,32.1065719311,126.0000000000,300.002,200.000,180.000000,0.000000,0.000000,0.000000,0.000000,0.000000
7.6,32.1063928902,126.0000000000,300.002,200.000,180.000000,0.000000,0.000000,0.000000,0.000000,0.000000
7.7,32.1062138493,126.0000000000,300.002,200.000,180.000000,0.000000,0.000000,0.000000,0.000000,0.000000
7.8,32.1060348084,126.0000000000,300.002,200.000,180.000000,0.000000,0.000000,0.000000,0.000000,0.000000
7.9,32.1058557674,126.0000000000,300.002,200.000,180.000000,0.000000,0.000000,0.000000,0.000000,0.000000
8.0,32.1056767265,126.0000000000,300.002,200.000,180.000000,0.000000,0.000000,0.000000,0.000000,0.000000
8.1,32.1054976856,126.0000000000,300.003,200.000,180.000000,0.000000,0.000000,0.000000,0.000000,0.000000
8.2,32.1053186447,126.0000000000,300.003,200.000,180.000000,0.000000,0.000000,0.000000,0.000000,0.000000
8.3,32.1051396038,126.0000000000,300.003,200.000,180.000000,0.000000,0.000000,0.000000,0.000000,0.000000
8.4,32.1049605629,126.0000000000,300.003,200.000,180.000000,0.000000,0.000000,0.000000,0.000000,0.000000
8.5,32.1047815219,126.0000000000,300.003,200.000,180.000000,0.000000,0.000000,0.000000,0.000000,0.000000
8.6,32.1046024810,126.0000000000,300.003,200.000,180.000000,0.000000,0.000000,0.000000,0.000000,0.000000
8.7,32.1044234401,126.0000000000,300.003,200.000,180.000000,0.000000,0.000000,0.000000,0.000000,0.000000
8.8,32.1042443992,126.0000000000,300.003,200.000,180.000000,0.000000,0.000000,0.000000,0.000000,0.000000
8.9,32.1040653583,126.0000000000,300.003,200.000,180.000000,0.000000,0.000000,0.000000,0.000000,0.000000
9.0,32.1038863173,126.0000000000,300.003,200.000,180.000000,0.000000,0.000000,0.000000,0.000000,0.000000
9.1,32.1037072764,126.0000000000,300.003,200.000,180.000000,0.000000,0.000000,0.000000,0.000000,0.000000
9.2,32.1035282355,126.0000000000,300.003,200.000,180.000000,0.000000,0.000000,0.000000,0.000000,0.000000
9.3,32.1033491946,126.0000000000,300.003,200.000,180.000000,0.000000,0.000000,0.000000,0.000000,0.000000
9.4,32.1031701537,126.0000000000,300.003,200.000,180.000000,0.000000,0.000000,0.000000,0.000000,0.000000
9.5,32.1029911128,126.0000000000,300.003,200.000,180.000000,0.000000,0.000000,0.000000,0.000000,0.000000
9.6,32.1028120718,126.0000000000,300.003,200.000,180.000000,0.000000,0.000000,0.000000,0.000000,0.000000
9.7,32.1026330309,126.0000000000,300.003,200.000,180.000000,0.000000,0.000000,0.000000,0.000000,0.000000
9.8,32.1024539900,126.0000000000,300.003,200.000,180.000000,0.000000,0.000000,0.000000,0.000000,0.000000
9.9,32.1022749491,126.0000000000,300.003,200.000,180.000000,0.000000,0.000000,0.000000,0.000000,0.000000
10.0,32.1020959082,126.0000000000,300.003,200.000,180.000000,0.000000,0.000000,0.000000,0.000000,0.000000
10.1,32.1019168672,126.0000000000,300.003,200.000,180.000000,0.000000,0.000000,0.000000,0.000000,0.000000
10.2,32.1017378263,126.0000000000,300.003,200.000,180.000000,0.000000,0.000000,0.000000,0.000000,0.000000
10.3,32.1015587854,126.0000000000,300.003,200.000,180.000000,0.000000,0.000000,0.000000,0.000000,0.000000
10.4,32.1013797445,126.0000000000,300.003,200.000,180.000000,0.000000,0.000000,0.000000,0.000000,0.000000
10.5,32.1012007036,126.0000000000,300.003,200.000,180.000000,0.000000,0.000000,0.000000,0.000000,0.000000
10.6,32.1010216627,126.0000000000,300.003,200.000,180.000000,0.000000,0.000000,0.000000,0.000000,0.000000
10.7,32.1008426217,126.0000000000,300.003,200.000,180.000000,0.000000,0.000000,0.000000,0.000000,0.000000
10.8,32.1006635808,126.0000000000,300.003,200.000,180.000000,0.000000,0.000000,0.000000,0.000000,0.000000
10.9,32.1004845399,126.0000000000,300.003,200.000,180.000000,0.000000,0.000000,0.000000,0.000000,0.000000
11.0,32.1003054990,126.0000000000,300.003,200.000,180.000000,0.000000,0.000000,0.000000,0.000000,0.000000
11.1,32.1001264581,126.0000000000,300.003,200.000,180.000000,0.000000,0.000000,0.000000,0.000000,0.000000
11.2,32.0999474171,126.0000000000,300.003,200.000,180.000000,0.000000,0.000000,0.000000,0.000000,0.000000
11.3,32.0997683762,126.0000000000,300.004,200.000,180.000000,0.000000,0.000000,0.000000,0.000000,0.000000
11.4,32.0995893353,126.0000000000,300.004,200.000,180.000000,0.000000,0.000000,0.000000,0.000000,0.000000
11.5,32.0994102944,126.0000000000,300.004,200.000,180.000000,0.000000,0.000000,0.000000,0.000000,0.000000
11.6,32.0992312535,126.0000000000,300.004,200.000,180.000000,0.000000,0.000000,0.000000,0.000000,0.000000
11.7,32.0990522125,126.0000000000,300.004,200.000,180.000000,0.000000,0.000000,0.000000,0.000000,0.000000
11.8,32.0988731716,126.0000000000,300.004,200.000,180.000000,0.000000,0.000000,0.000000,0.000000,0.000000
11.9,32.0986941307,126.0000000000,300.004,200.000,180.000000,0.000000,0.000000,0.000000,0.000000,0.000000
12.0,32.0985150898,126.0000000000,300.004,200.000,180.000000,0.000000,0.000000,0.000000,0.000000,0.000000
12.1,32.0983360489,126.0000000000,300.004,200.000,180.000000,0.000000,0.000000,0.000000,0.000000,0.000000
12.2,32.0981570080,126.0000000000,300.004,200.000,180.000000,0.000000,0.000000,0.000000,0.000000,0.000000
12.3,32.0979779670,126.0000000000,300.004,200.000,180.000000,0.000000,0.000000,0.000000,0.000000,0.000000
12.4,32.0977989261,126.0000000000,300.004,200.000,180.000000,0.000000,0.000000,0.000000,0.000000,0.000000
12.5,32.0976198852,126.0000000000,300.004,200.000,180.000000,0.000000,0.000000,0.000000,0.000000,0.000000
12.6,32.0974408443,126.0000000000,300.004,200.000,180.000000,0.000000,0.000000,0.000000,0.000000,0.000000
12.7,32.0972618034,126.0000000000,300.004,200.000,180.000000,0.000000,0.000000,0.000000,0.000000,0.000000
12.8,32.0970827624,126.0000000000,300.004,200.000,180.000000,0.000000,0.000000,0.000000,0.000000,0.000000
12.9,32.0969037215,126.0000000000,300.004,200.000,180.000000,0.000000,0.000000,0.000000,0.000000,0.000000
13.0,32.0967246806,126.0000000000,300.004,200.000,180.000000,0.000000,0.000000,0.000000,0.000000,0.000000
13.1,32.0965456397,126.0000000000,300.004,200.000,180.000000,0.000000,0.000000,0.000000,0.000000,0.000000
13.2,32.0963665988,126.0000000000,300.004,200.000,180.000000,0.000000,0.000000,0.000000,0.000000,0.000000
13.3,32.0961875579,126.0000000000,300.004,200.000,180.000000,0.000000,0.000000,0.000000,0.000000,0.000000
13.4,32.0960085169,126.0000000000,300.004,200.000,180.000000,0.000000,0.000000,0.000000,0.000000,0.000000
13.5,32.0958294760,126.0000000000,300.004,200.000,180.000000,0.000000,0.000000,0.000000,0.000000,0.000000
13.6,32.0956504351,126.0000000000,300.004,200.000,180.000000,0.000000,0.000000,0.000000,0.000000,0.000000
13.7,32.0954713942,126.0000000000,300.004,200.000,180.000000,0.000000,0.000000,0.000000,0.000000,0.000000
13.8,32.0952923533,126.0000000000,300.004,200.000,180.000000,0.000000,0.000000,0.000000,0.000000,0.000000
13.9,32.0951133123,126.0000000000,300.004,200.000,180.000000,0.000000,0.000000,0.000000,0.000000,0.000000
14.0,32.0949342714,126.0000000000,300.004,200.000,180.000000,0.000000,0.000000,0.000000,0.000000,0.000000
14.1,32.0947552305,126.0000000000,300.004,200.000,180.000000,0.000000,0.000000,0.000000,0.000000,0.000000
14.2,32.0945761896,126.0000000000,300.004,200.000,180.000000,0.000000,0.000000,0.000000,0.000000,0.000000
14.3,32.0943971487,126.0000000000,300.004,200.000,180.000000,0.000000,0.000000,0.000000,0.000000,0.000000
14.4,32.0942181078,126.0000000000,300.004,200.000,180.000000,0.000000,0.000000,0.000000,0.000000,0.000000
14.5,32.0940390668,126.0000000000,300.005,200.000,180.000000,0.000000,0.000000,0.000000,0.000000,0.000000
14.6,32.0938600259,126.0000000000,300.005,200.000,180.000000,0.000000,0.000000,0.000000,0.000000,0.000000
14.7,32.0936809850,126.0000000000,300.005,200.000,180.000000,0.000000,0.000000,0.000000,0.000000,0.000000
14.8,32.0935019441,126.0000000000,300.005,200.000,180.000000,0.000000,0.000000,0.000000,0.000000,0.000000
14.9,32.0933229032,126.0000000000,300.005,200.000,180.000000,0.000000,0.000000,0.000000,0.000000,0.000000
15.0,32.0931438622,126.0000000000,300.005,200.000,180.000000,0.000000,0.000000,0.000000,0.000000,0.000000
15.1,32.0929648213,126.0000000000,300.005,200.000,180.000000,0.000000,0.000000,0.000000,0.000000,0.000000
15.2,32.0927857804,126.0000000000,300.005,200.000,180.000000,0.000000,0.000000,0.000000,0.000000,0.000000
15.3,32.0926067395,126.0000000000,300.005,200.000,180.000000,0.000000,0.000000,0.000000,0.000000,0.000000
15.4,32.0924276986,126.0000000000,300.005,200.000,180.000000,0.000000,0.000000,0.000000,0.000000,0.000000
15.5,32.0922486577,126.0000000000,300.005,200.000,180.000000,0.000000,0.000000,0.000000,0.000000,0.000000
15.6,32.0920696167,126.0000000000,300.005,200.000,180.000000,0.000000,0.000000,0.000000,0.000000,0.000000
15.7,32.0918905758,126.0000000000,300.005,200.000,180.000000,0.000000,0.000000,0.000000,0.000000,0.000000
15.8,32.0917115349,126.0000000000,300.005,200.000,180.000000,0.000000,0.000000,0.000000,0.000000,0.000000
15.9,32.0915324940,126.0000000000,300.005,200.000,180.000000,0.000000,0.000000,0.000000,0.000000,0.000000
16.0,32.0913534531,126.0000000000,300.005,200.000,180.000000,0.000000,0.000000,0.000000,0.000000,0.000000
16.1,32.0911744121,126.0000000000,300.005,200.000,180.000000,0.000000,0.000000,0.000000,0.000000,0.000000
16.2,32.0909953712,126.0000000000,300.005,200.000,180.000000,0.000000,0.000000,0.000000,0.000000,0.000000
16.3,32.0908163303,126.0000000000,300.005,200.000,180.000000,0.000000,0.000000,0.000000,0.000000,0.000000
16.4,32.0906372894,126.0000000000,300.005,200.000,180.000000,0.000000,0.000000,0.000000,0.000000,0.000000
16.5,32.0904582485,126.0000000000,300.005,200.000,180.000000,0.000000,0.000000,0.000000,0.000000,0.000000
16.6,32.0902792076,126.0000000000,300.005,200.000,180.000000,0.000000,0.000000,0.000000,0.000000,0.000000
16.7,32.0901001666,126.0000000000,300.005,200.000,180.000000,0.000000,0.000000,0.000000,0.000000,0.000000
16.8,32.0899211257,126.0000000000,300.005,200.000,180.000000,0.000000,0.000000,0.000000,0.000000,0.000000
16.9,32.0897420848,126.0000000000,300.005,200.000,180.000000,0.000000,0.000000,0.000000,0.000000,0.000000
17.0,32.0895630439,126.0000000000,300.005,200.000,180.000000,0.000000,0.000000,0.000000,0.000000,0.000000
17.1,32.0893840030,126.0000000000,300.005,200.000,180.000000,0.000000,0.000000,0.000000,0.000000,0.000000
17.2,32.0892049620,126.0000000000,300.005,200.000,180.000000,0.000000,0.000000,0.000000,0.000000,0.000000
17.3,32.0890259211,126.0000000000,300.005,200.000,180.000000,0.000000,0.000000,0.000000,0.000000,0.000000
17.4,32.0888468802,126.0000000000,300.005,200.000,180.000000,0.000000,0.000000,0.000000,0.000000,0.000000
17.5,32.0886678393,126.0000000000,300.005,200.000,180.000000,0.000000,0.000000,0.000000,0.000000,0.000000
17.6,32.0884887984,126.0000000000,300.005,200.000,180.000000,0.000000,0.000000,0.000000,0.000000,0.000000
17.7,32.0883097575,126.0000000000,300.006,200.000,180.000000,0.000000,0.000000,0.000000,0.000000,0.000000
17.8,32.0881307165,126.0000000000,300.006,200.000,180.000000,0.000000,0.000000,0.000000,0.000000,0.000000
17.9,32.0879516756,126.0000000000,300.006,200.000,180.000000,0.000000,0.000000,0.000000,0.000000,0.000000
18.0,32.0877726347,126.0000000000,300.006,200.000,180.000000,0.000000,0.000000,0.000000,0.000000,0.000000
18.1,32.0875935938,126.0000000000,300.006,200.000,180.000000,0.000000,0.000000,0.000000,0.000000,0.000000
18.2,32.0874145529,126.0000000000,300.006,200.000,180.000000,0.000000,0.000000,0.000000,0.000000,0.000000
18.3,32.0872355119,126.0000000000,300.006,200.000,180.000000,0.000000,0.000000,0.000000,0.000000,0.000000
18.4,32.0870564710,126.0000000000,300.006,200.000,180.000000,0.000000,0.000000,0.000000,0.000000,0.000000
18.5,32.0868774301,126.0000000000,300.006,200.000,180.000000,0.000000,0.000000,0.000000,0.000000,0.000000
18.6,32.0866983892,126.0000000000,300.006,200.000,180.000000,0.000000,0.000000,0.000000,0.000000,0.000000
18.7,32.0865193483,126.0000000000,300.006,200.000,180.000000,0.000000,0.000000,0.000000,0.000000,0.000000
18.8,32.0863403073,126.0000000000,300.006,200.000,180.000000,0.000000,0.000000,0.000000,0.000000,0.000000
18.9,32.0861612664,126.0000000000,300.006,200.000,180.000000,0.000000,0.000000,0.000000,0.000000,0.000000
19.0,32.0859822255,126.0000000000,300.006,200.000,180.000000,0.000000,0.000000,0.000000,0.000000,0.000000
19.1,32.0858031846,126.0000000000,300.006,200.000,180.000000,0.000000,0.000000,0.000000,0.000000,0.000000
19.2,32.0856241437,126.0000000000,300.006,200.000,180.000000,0.000000,0.000000,0.000000,0.000000,0.000000
19.3,32.0854451028,126.0000000000,300.006,200.000,180.000000,0.000000,0.000000,0.000000,0.000000,0.000000
19.4,32.0852660618,126.0000000000,300.006,200.000,180.000000,0.000000,0.000000,0.000000,0.000000,0.000000
19.5,32.0850870209,126.0000000000,300.006,200.000,180.000000,0.000000,0.000000,0.000000,0.000000,0.000000
19.6,32.0849079800,126.0000000000,300.006,200.000,180.000000,0.000000,0.000000,0.000000,0.000000,0.000000
19.7,32.0847289391,126.0000000000,300.006,200.000,180.000000,0.000000,0.000000,0.000000,0.000000,0.000000
19.8,32.0845498982,126.0000000000,300.006,200.000,180.000000,0.000000,0.000000,0.000000,0.000000,0.000000
19.9,32.0843708572,126.0000000000,300.006,200.000,180.000000,0.000000,0.000000,0.000000,0.000000,0.000000
20.0,32.0841918163,126.0000000000,300.006,200.000,180.000000,0.000000,0.000000,0.000000,0.000000,0.000000
20.1,32.0840127754,126.0000000000,300.006,200.000,180.000000,0.000000,0.000000,0.000000,0.000000,0.000000
20.2,32.0838337345,126.0000000000,300.006,200.000,180.000000,0.000000,0.000000,0.000000,0.000000,0.000000
20.3,32.0836546936,126.0000000000,300.006,200.000,180.000000,0.000000,0.000000,0.000000,0.000000,0.000000
20.4,32.0834756527,126.0000000000,300.006,200.000,180.000000,0.000000,0.000000,0.000000,0.000000,0.000000
20.5,32.0832966117,126.0000000000,300.006,200.000,180.000000,0.000000,0.000000,0.000000,0.000000,0.000000
20.6,32.0831175708,126.0000000000,300.006,200.000,180.000000,0.000000,0.000000,0.000000,0.000000,0.000000
20.7,32.0829385299,126.0000000000,300.006,200.000,180.000000,0.000000,0.000000,0.000000,0.000000,0.000000
20.8,32.0827594890,126.0000000000,300.006,200.000,180.000000,0.000000,0.000000,0.000000,0.000000,0.000000
20.9,32.0825804481,126.0000000000,300.007,200.000,180.000000,0.000000,0.000000,0.000000,0.000000,0.000000
21.0,32.0824014071,126.0000000000,300.007,200.000,180.000000,0.000000,0.000000,0.000000,0.000000,0.000000
21.1,32.0822223662,126.0000000000,300.007,200.000,180.000000,0.000000,0.000000,0.000000,0.000000,0.000000
21.2,32.0820433253,126.0000000000,300.007,200.000,180.000000,0.000000,0.000000,0.000000,0.000000,0.000000
21.3,32.0818642844,126.0000000000,300.007,200.000,180.000000,0.000000,0.000000,0.000000,0.000000,0.000000
21.4,32.0816852435,126.0000000000,300.007,200.000,180.000000,0.000000,0.000000,0.000000,0.000000,0.000000
21.5,32.0815062026,126.0000000000,300.007,200.000,180.000000,0.000000,0.000000,0.000000,0.000000,0.000000
21.6,32.0813271616,126.0000000000,300.007,200.000,180.000000,0.000000,0.000000,0.000000,0.000000,0.000000
21.7,32.0811481207,126.0000000000,300.007,200.000,180.000000,0.000000,0.000000,0.000000,0.000000,0.000000
21.8,32.0809690798,126.0000000000,300.007,200.000,180.000000,0.000000,0.000000,0.000000,0.000000,0.000000
21.9,32.0807900389,126.0000000000,300.007,200.000,180.000000,0.000000,0.000000,0.000000,0.000000,0.000000
22.0,32.0806109980,126.0000000000,300.007,200.000,180.000000,0.000000,0.000000,0.000000,0.000000,0.000000
22.1,32.0804319570,126.0000000000,300.007,200.000,180.000000,0.000000,0.000000,0.000000,0.000000,0.000000
22.2,32.0802529161,126.0000000000,300.007,200.000,180.000000,0.000000,0.000000,0.000000,0.000000,0.000000
22.3,32.0800738752,126.0000000000,300.007,200.000,180.000000,0.000000,0.000000,0.000000,0.000000,0.000000
22.4,32.0798948343,126.0000000000,300.007,200.000,180.000000,0.000000,0.000000,0.000000,0.000000,0.000000
22.5,32.0797157934,126.0000000000,300.007,200.000,180.000000,0.000000,0.000000,0.000000,0.000000,0.000000
22.6,32.0795367525,126.0000000000,300.007,200.000,180.000000,0.000000,0.000000,0.000000,0.000000,0.000000
22.7,32.0793577115,126.0000000000,300.007,200.000,180.000000,0.000000,0.000000,0.000000,0.000000,0.000000
22.8,32.0791786706,126.0000000000,300.007,200.000,180.000000,0.000000,0.000000,0.000000,0.000000,0.000000
22.9,32.0789996297,126.0000000000,300.007,200.000,180.000000,0.000000,0.000000,0.000000,0.000000,0.000000
23.0,32.0788205888,126.0000000000,300.007,200.000,180.000000,0.000000,0.000000,0.000000,0.000000,0.000000
23.1,32.0786415479,126.0000000000,300.007,200.000,180.000000,0.000000,0.000000,0.000000,0.000000,0.000000
23.2,32.0784625069,126.0000000000,300.007,200.000,180.000000,0.000000,0.000000,0.000000,0.000000,0.000000
23.3,32.0782834660,126.0000000000,300.007,200.000,180.000000,0.000000,0.000000,0.000000,0.000000,0.000000
23.4,32.0781044251,126.0000000000,300.007,200.000,180.000000,0.000000,0.000000,0.000000,0.000000,0.000000
23.5,32.0779253842,126.0000000000,300.007,200.000,180.000000,0.000000,0.000000,0.000000,0.000000,0.000000
23.6,32.0777463433,126.0000000000,300.007,200.000,180.000000,0.000000,0.000000,0.000000,0.000000,0.000000
23.7,32.0775673024,126.0000000000,300.007,200.000,180.000000,0.000000,0.000000,0.000000,0.000000,0.000000
23.8,32.0773882614,126.0000000000,300.007,200.000,180.000000,0.000000,0.000000,0.000000,0.000000,0.000000
23.9,32.0772092205,126.0000000000,300.007,200.000,180.000000,0.000000,0.000000,0.000000,0.000000,0.000000
24.0,32.0770301796,126.0000000000,300.007,200.000,180.000000,0.000000,0.000000,0.000000,0.000000,0.000000
24.1,32.0768511387,126.0000000000,300.008,200.000,180.000000,0.000000,0.000000,0.000000,0.000000,0.000000
24.2,32.0766720978,126.0000000000,300.008,200.000,180.000000,0.000000,0.000000,0.000000,0.000000,0.000000
24.3,32.0764930568,126.0000000000,300.008,200.000,180.000000,0.000000,0.000000,0.000000,0.000000,0.000000
24.4,32.0763140159,126.0000000000,300.008,200.000,180.000000,0.000000,0.000000,0.000000,0.000000,0.000000
24.5,32.0761349750,126.0000000000,300.008,200.000,180.000000,0.000000,0.000000,0.000000,0.000000,0.000000
24.6,32.0759559341,126.0000000000,300.008,200.000,180.000000,0.000000,0.000000,0.000000,0.000000,0.000000
24.7,32.0757768932,126.0000000000,300.008,200.000,180.000000,0.000000,0.000000,0.000000,0.000000,0.000000
24.8,32.0755978523,126.0000000000,300.008,200.000,180.000000,0.000000,0.000000,0.000000,0.000000,0.000000
24.9,32.0754188113,126.0000000000,300.008,200.000,180.000000,0.000000,0.000000,0.000000,0.000000,0.000000
25.0,32.0752397704,126.0000000000,300.008,200.000,180.000000,0.000000,0.000000,0.000000,0.000000,0.000000
25.1,32.0750607295,126.0000000000,300.008,200.000,180.000000,0.000000,0.000000,0.000000,0.000000,0.000000
25.2,32.0748816886,126.0000000000,300.008,200.000,180.000000,0.000000,0.000000,0.000000,0.000000,0.000000
25.3,32.0747026477,126.0000000000,300.008,200.000,180.000000,0.000000,0.000000,0.000000,0.000000,0.000000
25.4,32.0745236067,126.0000000000,300.008,200.000,180.000000,0.000000,0.000000,0.000000,0.000000,0.000000
25.5,32.0743445658,126.0000000000,300.008,200.000,180.000000,0.000000,0.000000,0.000000,0.000000,0.000000
25.6,32.0741655249,126.0000000000,300.008,200.000,180.000000,0.000000,0.000000,0.000000,0.000000,0.000000
25.7,32.0739864840,126.0000000000,300.008,200.000,180.000000,0.000000,0.000000,0.000000,0.000000,0.000000
25.8,32.0738074431,126.0000000000,300.008,200.000,180.000000,0.000000,0.000000,0.000000,0.000000,0.000000
25.9,32.0736284022,126.0000000000,300.008,200.000,180.000000,0.000000,0.000000,0.000000,0.000000,0.000000
26.0,32.0734493612,126.0000000000,300.008,200.000,180.000000,0.000000,0.000000,0.000000,0.000000,0.000000
26.1,32.0732703203,126.0000000000,300.008,200.000,180.000000,0.000000,0.000000,0.000000,0.000000,0.000000
26.2,32.0730912794,126.0000000000,300.008,200.000,180.000000,0.000000,0.000000,0.000000,0.000000,0.000000
26.3,32.0729122385,126.0000000000,300.008,200.000,180.000000,0.000000,0.000000,0.000000,0.000000,0.000000
26.4,32.0727331976,126.0000000000,300.008,200.000,180.000000,0.000000,0.000000,0.000000,0.000000,0.000000
26.5,32.0725541566,126.0000000000,300.008,200.000,180.000000,0.000000,0.000000,0.000000,0.000000,0.000000
26.6,32.0723751157,126.0000000000,300.008,200.000,180.000000,0.000000,0.000000,0.000000,0.000000,0.000000
26.7,32.0721960748,126.0000000000,300.008,200.000,180.000000,0.000000,0.000000,0.000000,0.000000,0.000000
26.8,32.0720170339,126.0000000000,300.008,200.000,180.000000,0.000000,0.000000,0.000000,0.000000,0.000000
26.9,32.0718379930,126.0000000000,300.008,200.000,180.000000,0.000000,0.000000,0.000000,0.000000,0.000000
27.0,32.0716589521,126.0000000000,300.008,200.000,180.000000,0.000000,0.000000,0.000000,0.000000,0.000000
27.1,32.0714799111,126.0000000000,300.008,200.000,180.000000,0.000000,0.000000,0.000000,0.000000,0.000000
27.2,32.0713008702,126.0000000000,300.008,200.000,180.000000,0.000000,0.000000,0.000000,0.000000,0.000000
27.3,32.0711218293,126.0000000000,300.009,200.000,180.000000,0.000000,0.000000,0.000000,0.000000,0.000000
27.4,32.0709427884,126.0000000000,300.009,200.000,180.000000,0.000000,0.000000,0.000000,0.000000,0.000000
27.5,32.0707637475,126.0000000000,300.009,200.000,180.000000,0.000000,0.000000,0.000000,0.000000,0.000000
27.6,32.0705847065,126.0000000000,300.009,200.000,180.000000,0.000000,0.000000,0.000000,0.000000,0.000000
27.7,32.0704056656,126.0000000000,300.009,200.000,180.000000,0.000000,0.000000,0.000000,0.000000,0.000000
27.8,32.0702266247,126.0000000000,300.009,200.000,180.000000,0.000000,0.000000,0.000000,0.000000,0.000000
27.9,32.0700475838,126.0000000000,300.009,200.000,180.000000,0.000000,0.000000,0.000000,0.000000,0.000000
28.0,32.0698685429,126.0000000000,300.009,200.000,180.000000,0.000000,0.000000,0.000000,0.000000,0.000000
28.1,32.0696895020,126.0000000000,300.009,200.000,180.000000,0.000000,0.000000,0.000000,0.000000,0.000000
28.2,32.0695104610,126.0000000000,300.009,200.000,180.000000,0.000000,0.000000,0.000000,0.000000,0.000000
28.3,32.0693314201,126.0000000000,300.009,200.000,180.000000,0.000000,0.000000,0.000000,0.000000,0.000000
28.4,32.0691523792,126.0000000000,300.009,200.000,180.000000,0.000000,0.000000,0.000000,0.000000,0.000000
28.5,32.0689733383,126.0000000000,300.009,200.000,180.000000,0.000000,0.000000,0.000000,0.000000,0.000000
28.6,32.0687942974,126.0000000000,300.009,200.000,180.000000,0.000000,0.000000,0.000000,0.000000,0.000000
28.7,32.0686152564,126.0000000000,300.009,200.000,180.000000,0.000000,0.000000,0.000000,0.000000,0.000000
28.8,32.0684362155,126.0000000000,300.009,200.000,180.000000,0.000000,0.000000,0.000000,0.000000,0.000000
28.9,32.0682571746,126.0000000000,300.009,200.000,180.000000,0.000000,0.000000,0.000000,0.000000,0.000000
29.0,32.0680781337,126.0000000000,300.009,200.000,180.000000,0.000000,0.000000,0.000000,0.000000,0.000000
29.1,32.0678990928,126.0000000000,300.009,200.000,180.000000,0.000000,0.000000,0.000000,0.000000,0.000000
29.2,32.0677200519,126.0000000000,300.009,200.000,180.000000,0.000000,0.000000,0.000000,0.000000,0.000000
29.3,32.0675410109,126.0000000000,300.009,200.000,180.000000,0.000000,0.000000,0.000000,0.000000,0.000000
29.4,32.0673619700,126.0000000000,300.009,200.000,180.000000,0.000000,0.000000,0.000000,0.000000,0.000000
29.5,32.0671829291,126.0000000000,300.009,200.000,180.000000,0.000000,0.000000,0.000000,0.000000,0.000000
29.6,32.0670038882,126.0000000000,300.009,200.000,180.000000,0.000000,0.000000,0.000000,0.000000,0.000000
29.7,32.0668248473,126.0000000000,300.009,200.000,180.000000,0.000000,0.000000,0.000000,0.000000,0.000000
29.8,32.0666458063,126.0000000000,300.009,200.000,180.000000,0.000000,0.000000,0.000000,0.000000,0.000000
29.9,32.0664667654,126.0000000000,300.009,200.000,180.000000,0.000000,0.000000,0.000000,0.000000,0.000000
30.0,32.0662877245,126.0000000000,300.009,200.000,180.000000,0.000000,0.000000,0.000000,0.000000,0.000000
30.1,32.0661086836,126.0000000000,300.009,200.000,180.000000,0.000000,0.000000,0.000000,0.000000,0.000000
30.2,32.0659296427,126.0000000000,300.009,200.000,180.000000,0.000000,0.000000,0.000000,0.000000,0.000000
30.3,32.0657506018,126.0000000000,300.009,200.000,180.000000,0.000000,0.000000,0.000000,0.000000,0.000000
30.4,32.0655715608,126.0000000000,300.009,200.000,180.000000,0.000000,0.000000,0.000000,0.000000,0.000000
30.5,32.0653925199,126.0000000000,300.010,200.000,180.000000,0.000000,0.000000,0.000000,0.000000,0.000000
30.6,32.0652134790,126.0000000000,300.010,200.000,180.000000,0.000000,0.000000,0.000000,0.000000,0.000000
30.7,32.0650344381,126.0000000000,300.010,200.000,180.000000,0.000000,0.000000,0.000000,0.000000,0.000000
30.8,32.0648553972,126.0000000000,300.010,200.000,180.000000,0.000000,0.000000,0.000000,0.000000,0.000000
30.9,32.0646763562,126.0000000000,300.010,200.000,180.000000,0.000000,0.000000,0.000000,0.000000,0.000000
31.0,32.0644973153,126.0000000000,300.010,200.000,180.000000,0.000000,0.000000,0.000000,0.000000,0.000000
31.1,32.0643182744,126.0000000000,300.010,200.000,180.000000,0.000000,0.000000,0.000000,0.000000,0.000000
31.2,32.0641392335,126.0000000000,300.010,200.000,180.000000,0.000000,0.000000,0.000000,0.000000,0.000000
31.3,32.0639601926,126.0000000000,300.010,200.000,180.000000,0.000000,0.000000,0.000000,0.000000,0.000000
31.4,32.0637811517,126.0000000000,300.010,200.000,180.000000,0.000000,0.000000,0.000000,0.000000,0.000000
31.5,32.0636021107,126.0000000000,300.010,200.000,180.000000,0.000000,0.000000,0.000000,0.000000,0.000000
31.6,32.0634230698,126.0000000000,300.010,200.000,180.000000,0.000000,0.000000,0.000000,0.000000,0.000000
31.7,32.0632440289,126.0000000000,300.010,200.000,180.000000,0.000000,0.000000,0.000000,0.000000,0.000000
31.8,32.0630649880,126.0000000000,300.010,200.000,180.000000,0.000000,0.000000,0.000000,0.000000,0.000000
31.9,32.0628859471,126.0000000000,300.010,200.000,180.000000,0.000000,0.000000,0.000000,0.000000,0.000000
32.0,32.0627069061,126.0000000000,300.010,200.000,180.000000,0.000000,0.000000,0.000000,0.000000,0.000000
32.1,32.0625278652,126.0000000000,300.010,200.000,180.000000,0.000000,0.000000,0.000000,0.000000,0.000000
32.2,32.0623488243,126.0000000000,300.010,200.000,180.000000,0.000000,0.000000,0.000000,0.000000,0.000000
32.3,32.0621697834,126.0000000000,300.010,200.000,180.000000,0.000000,0.000000,0.000000,0.000000,0.000000
32.4,32.0619907425,126.0000000000,300.010,200.000,180.000000,0.000000,0.000000,0.000000,0.000000,0.000000
32.5,32.0618117016,126.0000000000,300.010,200.000,180.000000,0.000000,0.000000,0.000000,0.000000,0.000000
32.6,32.0616326606,126.0000000000,300.010,200.000,180.000000,0.000000,0.000000,0.000000,0.000000,0.000000
32.7,32.0614536197,126.0000000000,300.010,200.000,180.000000,0.000000,0.000000,0.000000,0.000000,0.000000
32.8,32.0612745788,126.0000000000,300.010,200.000,180.000000,0.000000,0.000000,0.000000,0.000000,0.000000
32.9,32.0610955379,126.0000000000,300.010,200.000,180.000000,0.000000,0.000000,0.000000,0.000000,0.000000
33.0,32.0609164970,126.0000000000,300.010,200.000,180.000000,0.000000,0.000000,0.000000,0.000000,0.000000
33.1,32.0607374560,126.0000000000,300.010,200.000,180.000000,0.000000,0.000000,0.000000,0.000000,0.000000
33.2,32.0605584151,126.0000000000,300.010,200.000,180.000000,0.000000,0.000000,0.000000,0.000000,0.000000
33.3,32.0603793742,126.0000000000,300.010,200.000,180.000000,0.000000,0.000000,0.000000,0.000000,0.000000
33.4,32.0602003333,126.0000000000,300.010,200.000,180.000000,0.000000,0.000000,0.000000,0.000000,0.000000
33.5,32.0600212924,126.0000000000,300.010,200.000,180.000000,0.000000,0.000000,0.000000,0.000000,0.000000
33.6,32.0598422515,126.0000000000,300.010,200.000,180.000000,0.000000,0.000000,0.000000,0.000000,0.000000
33.7,32.0596632105,126.0000000000,300.011,200.000,180.000000,0.000000,0.000000,0.000000,0.000000,0.000000
33.8,32.0594841696,126.0000000000,300.011,200.000,180.000000,0.000000,0.000000,0.000000,0.000000,0.000000
33.9,32.0593051287,126.0000000000,300.011,200.000,180.000000,0.000000,0.000000,0.000000,0.000000,0.000000
34.0,32.0591260878,126.0000000000,300.011,200.000,180.000000,0.000000,0.000000,0.000000,0.000000,0.000000
34.1,32.0589470469,126.0000000000,300.011,200.000,180.000000,0.000000,0.000000,0.000000,0.000000,0.000000
34.2,32.0587680059,126.0000000000,300.011,200.000,180.000000,0.000000,0.000000,0.000000,0.000000,0.000000
34.3,32.0585889650,126.0000000000,300.011,200.000,180.000000,0.000000,0.000000,0.000000,0.000000,0.000000
34.4,32.0584099241,126.0000000000,300.011,200.000,180.000000,0.000000,0.000000,0.000000,0.000000,0.000000
34.5,32.0582308832,126.0000000000,300.011,200.000,180.000000,0.000000,0.000000,0.000000,0.000000,0.000000
34.6,32.0580518423,126.0000000000,300.011,200.000,180.000000,0.000000,0.000000,0.000000,0.000000,0.000000
34.7,32.0578728014,126.0000000000,300.011,200.000,180.000000,0.000000,0.000000,0.000000,0.000000,0.000000
34.8,32.0576937604,126.0000000000,300.011,200.000,180.000000,0.000000,0.000000,0.000000,0.000000,0.000000
34.9,32.0575147195,126.0000000000,300.011,200.000,180.000000,0.000000,0.000000,0.000000,0.000000,0.000000
35.0,32.0573356786,126.0000000000,300.011,200.000,180.000000,0.000000,0.000000,0.000000,0.000000,0.000000
35.1,32.0571566377,126.0000000000,300.011,200.000,180.000000,0.000000,0.000000,0.000000,0.000000,0.000000
35.2,32.0569775968,126.0000000000,300.011,200.000,180.000000,0.000000,0.000000,0.000000,0.000000,0.000000
35.3,32.0567985558,126.0000000000,300.011,200.000,180.000000,0.000000,0.000000,0.000000,0.000000,0.000000
35.4,32.0566195149,126.0000000000,300.011,200.000,180.000000,0.000000,0.000000,0.000000,0.000000,0.000000
35.5,32.0564404740,126.0000000000,300.011,200.000,180.000000,0.000000,0.000000,0.000000,0.000000,0.000000
35.6,32.0562614331,126.0000000000,300.011,200.000,180.000000,0.000000,0.000000,0.000000,0.000000,0.000000
35.7,32.0560823922,126.0000000000,300.011,200.000,180.000000,0.000000,0.000000,0.000000,0.000000,0.000000
35.8,32.0559033513,126.0000000000,300.011,200.000,180.000000,0.000000,0.000000,0.000000,0.000000,0.000000
35.9,32.0557243103,126.0000000000,300.011,200.000,180.000000,0.000000,0.000000,0.000000,0.000000,0.000000
36.0,32.0555452694,126.0000000000,300.011,200.000,180.000000,0.000000,0.000000,0.000000,0.000000,0.000000
36.1,32.0553662285,126.0000000000,300.011,200.000,180.000000,0.000000,0.000000,0.000000,0.000000,0.000000
36.2,32.0551871876,126.0000000000,300.011,200.000,180.000000,0.000000,0.000000,0.000000,0.000000,0.000000
36.3,32.0550081467,126.0000000000,300.011,200.000,180.000000,0.000000,0.000000,0.000000,0.000000,0.000000
36.4,32.0548291057,126.0000000000,300.011,200.000,180.000000,0.000000,0.000000,0.000000,0.000000,0.000000
36.5,32.0546500648,126.0000000000,300.011,200.000,180.000000,0.000000,0.000000,0.000000,0.000000,0.000000
36.6,32.0544710239,126.0000000000,300.011,200.000,180.000000,0.000000,0.000000,0.000000,0.000000,0.000000
36.7,32.0542919830,126.0000000000,300.011,200.000,180.000000,0.000000,0.000000,0.000000,0.000000,0.000000
36.8,32.0541129421,126.0000000000,300.011,200.000,180.000000,0.000000,0.000000,0.000000,0.000000,0.000000
36.9,32.0539339012,126.0000000000,300.012,200.000,180.000000,0.000000,0.000000,0.000000,0.000000,0.000000
37.0,32.0537548602,126.0000000000,300.012,200.000,180.000000,0.000000,0.000000,0.000000,0.000000,0.000000
37.1,32.0535758193,126.0000000000,300.012,200.000,180.000000,0.000000,0.000000,0.000000,0.000000,0.000000
37.2,32.0533967784,126.0000000000,300.012,200.000,180.000000,0.000000,0.000000,0.000000,0.000000,0.000000
37.3,32.0532177375,126.0000000000,300.012,200.000,180.000000,0.000000,0.000000,0.000000,0.000000,0.000000
37.4,32.0530386966,126.0000000000,300.012,200.000,180.000000,0.000000,0.000000,0.000000,0.000000,0.000000
37.5,32.0528596556,126.0000000000,300.012,200.000,180.000000,0.000000,0.000000,0.000000,0.000000,0.000000
37.6,32.0526806147,126.0000000000,300.012,200.000,180.000000,0.000000,0.000000,0.000000,0.000000,0.000000
37.7,32.0525015738,126.0000000000,300.012,200.000,180.000000,0.000000,0.000000,0.000000,0.000000,0.000000
37.8,32.0523225329,126.0000000000,300.012,200.000,180.000000,0.000000,0.000000,0.000000,0.000000,0.000000
37.9,32.0521434920,126.0000000000,300.012,200.000,180.000000,0.000000,0.000000,0.000000,0.000000,0.000000
38.0,32.0519644511,126.0000000000,300.012,200.000,180.000000,0.000000,0.000000,0.000000,0.000000,0.000000
38.1,32.0517854101,126.0000000000,300.012,200.000,180.000000,0.000000,0.000000,0.000000,0.000000,0.000000
38.2,32.0516063692,126.0000000000,300.012,200.000,180.000000,0.000000,0.000000,0.000000,0.000000,0.000000
38.3,32.0514273283,126.0000000000,300.012,200.000,180.000000,0.000000,0.000000,0.000000,0.000000,0.000000
38.4,32.0512482874,126.0000000000,300.012,200.000,180.000000,0.000000,0.000000,0.000000,0.000000,0.000000
38.5,32.0510692465,126.0000000000,300.012,200.000,180.000000,0.000000,0.000000,0.000000,0.000000,0.000000
38.6,32.0508902055,126.0000000000,300.012,200.000,180.000000,0.000000,0.000000,0.000000,0.000000,0.000000
38.7,32.0507111646,126.0000000000,300.012,200.000,180.000000,0.000000,0.000000,0.000000,0.000000,0.000000
38.8,32.0505321237,126.0000000000,300.012,200.000,180.000000,0.000000,0.000000,0.000000,0.000000,0.000000
38.9,32.0503530828,126.0000000000,300.012,200.000,180.000000,0.000000,0.000000,0.000000,0.000000,0.000000
39.0,32.0501740419,126.0000000000,300.012,200.000,180.000000,0.000000,0.000000,0.000000,0.000000,0.000000
39.1,32.0499950010,126.0000000000,300.012,200.000,180.000000,0.000000,0.000000,0.000000,0.000000,0.000000
39.2,32.0498159600,126.0000000000,300.012,200.000,180.000000,0.000000,0.000000,0.000000,0.000000,0.000000
39.3,32.0496369191,126.0000000000,300.012,200.000,180.000000,0.000000,0.000000,0.000000,0.000000,0.000000
39.4,32.0494578782,126.0000000000,300.012,200.000,180.000000,0.000000,0.000000,0.000000,0.000000,0.000000
39.5,32.0492788373,126.0000000000,300.012,200.000,180.000000,0.000000,0.000000,0.000000,0.000000,0.000000
39.6,32.0490997964,126.0000000000,300.012,200.000,180.000000,0.000000,0.000000,0.000000,0.000000,0.000000
39.7,32.0489207555,126.0000000000,300.012,200.000,180.000000,0.000000,0.000000,0.000000,0.000000,0.000000
39.8,32.0487417145,126.0000000000,300.012,200.000,180.000000,0.000000,0.000000,0.000000,0.000000,0.000000
39.9,32.0485626736,126.0000000000,300.012,200.000,180.000000,0.000000,0.000000,0.000000,0.000000,0.000000
40.0,32.0483836327,126.0000000000,300.012,200.000,180.000000,0.000000,0.000000,0.000000,0.000000,0.000000
40.1,32.0482045918,126.0000000000,300.013,200.000,180.000000,0.000000,0.000000,0.000000,0.000000,0.000000
40.2,32.0480255509,126.0000000000,300.013,200.000,180.000000,0.000000,0.000000,0.000000,0.000000,0.000000
40.3,32.0478465099,126.0000000000,300.013,200.000,180.000000,0.000000,0.000000,0.000000,0.000000,0.000000
40.4,32.0476674690,126.0000000000,300.013,200.000,180.000000,0.000000,0.000000,0.000000,0.000000,0.000000
40.5,32.0474884281,126.0000000000,300.013,200.000,180.000000,0.000000,0.000000,0.000000,0.000000,0.000000
40.6,32.0473093872,126.0000000000,300.013,200.000,180.000000,0.000000,0.000000,0.000000,0.000000,0.000000
40.7,32.0471303463,126.0000000000,300.013,200.000,180.000000,0.000000,0.000000,0.000000,0.000000,0.000000
40.8,32.0469513054,126.0000000000,300.013,200.000,180.000000,0.000000,0.000000,0.000000,0.000000,0.000000
40.9,32.0467722644,126.0000000000,300.013,200.000,180.000000,0.000000,0.000000,0.000000,0.000000,0.000000
41.0,32.0465932235,126.0000000000,300.013,200.000,180.000000,0.000000,0.000000,0.000000,0.000000,0.000000
41.1,32.0464141826,126.0000000000,300.013,200.000,180.000000,0.000000,0.000000,0.000000,0.000000,0.000000
41.2,32.0462351417,126.0000000000,300.013,200.000,180.000000,0.000000,0.000000,0.000000,0.000000,0.000000
41.3,32.0460561008,126.0000000000,300.013,200.000,180.000000,0.000000,0.000000,0.000000,0.000000,0.000000
41.4,32.0458770598,126.0000000000,300.013,200.000,180.000000,0.000000,0.000000,0.000000,0.000000,0.000000
41.5,32.0456980189,126.0000000000,300.013,200.000,180.000000,0.000000,0.000000,0.000000,0.000000,0.000000
41.6,32.0455189780,126.0000000000,300.013,200.000,180.000000,0.000000,0.000000,0.000000,0.000000,0.000000
41.7,32.0453399371,126.0000000000,300.013,200.000,180.000000,0.000000,0.000000,0.000000,0.000000,0.000000
41.8,32.0451608962,126.0000000000,300.013,200.000,180.000000,0.000000,0.000000,0.000000,0.000000,0.000000
41.9,32.0449818553,126.0000000000,300.013,200.000,180.000000,0.000000,0.000000,0.000000,0.000000,0.000000
42.0,32.0448028143,126.0000000000,300.013,200.000,180.000000,0.000000,0.000000,0.000000,0.000000,0.000000
42.1,32.0446237734,126.0000000000,300.013,200.000,180.000000,0.000000,0.000000,0.000000,0.000000,0.000000
42.2,32.0444447325,126.0000000000,300.013,200.000,180.000000,0.000000,0.000000,0.000000,0.000000,0.000000
42.3,32.0442656916,126.0000000000,300.013,200.000,180.000000,0.000000,0.000000,0.000000,0.000000,0.000000
42.4,32.0440866507,126.0000000000,300.013,200.000,180.000000,0.000000,0.000000,0.000000,0.000000,0.000000
42.5,32.0439076097,126.0000000000,300.013,200.000,180.000000,0.000000,0.000000,0.000000,0.000000,0.000000
42.6,32.0437285688,126.0000000000,300.013,200.000,180.000000,0.000000,0.000000,0.000000,0.000000,0.000000
42.7,32.0435495279,126.0000000000,300.013,200.000,180.000000,0.000000,0.000000,0.000000,0.000000,0.000000
42.8,32.0433704870,126.0000000000,300.013,200.000,180.000000,0.000000,0.000000,0.000000,0.000000,0.000000
42.9,32.0431914461,126.0000000000,300.013,200.000,180.000000,0.000000,0.000000,0.000000,0.000000,0.000000
43.0,32.0430124052,126.0000000000,300.013,200.000,180.000000,0.000000,0.000000,0.000000,0.000000,0.000000
43.1,32.0428333642,126.0000000000,300.013,200.000,180.000000,0.000000,0.000000,0.000000,0.000000,0.000000
43.2,32.0426543233,126.0000000000,300.013,200.000,180.000000,0.000000,0.000000,0.000000,0.000000,0.000000
43.3,32.0424752824,126.0000000000,300.014,200.000,180.000000,0.000000,0.000000,0.000000,0.000000,0.000000
43.4,32.0422962415,126.0000000000,300.014,200.000,180.000000,0.000000,0.000000,0.000000,0.000000,0.000000
43.5,32.0421172006,126.0000000000,300.014,200.000,180.000000,0.000000,0.000000,0.000000,0.000000,0.000000
43.6,32.0419381596,126.0000000000,300.014,200.000,180.000000,0.000000,0.000000,0.000000,0.000000,0.000000
43.7,32.0417591187,126.0000000000,300.014,200.000,180.000000,0.000000,0.000000,0.000000,0.000000,0.000000
43.8,32.0415800778,126.0000000000,300.014,200.000,180.000000,0.000000,0.000000,0.000000,0.000000,0.000000
43.9,32.0414010369,126.0000000000,300.014,200.000,180.000000,0.000000,0.000000,0.000000,0.000000,0.000000
44.0,32.0412219960,126.0000000000,300.014,200.000,180.000000,0.000000,0.000000,0.000000,0.000000,0.000000
44.1,32.0410429551,126.0000000000,300.014,200.000,180.000000,0.000000,0.000000,0.000000,0.000000,0.000000
44.2,32.0408639141,126.0000000000,300.014,200.000,180.000000,0.000000,0.000000,0.000000,0.000000,0.000000
44.3,32.0406848732,126.0000000000,300.014,200.000,180.000000,0.000000,0.000000,0.000000,0.000000,0.000000
44.4,32.0405058323,126.0000000000,300.014,200.000,180.000000,0.000000,0.000000,0.000000,0.000000,0.000000
44.5,32.0403267914,126.0000000000,300.014,200.000,180.000000,0.000000,0.000000,0.000000,0.000000,0.000000
44.6,32.0401477505,126.0000000000,300.014,200.000,180.000000,0.000000,0.000000,0.000000,0.000000,0.000000
44.7,32.0399687095,126.0000000000,300.014,200.000,180.000000,0.000000,0.000000,0.000000,0.000000,0.000000
44.8,32.0397896686,126.0000000000,300.014,200.000,180.000000,0.000000,0.000000,0.000000,0.000000,0.000000
44.9,32.0396106277,126.0000000000,300.014,200.000,180.000000,0.000000,0.000000,0.000000,0.000000,0.000000
45.0,32.0394315868,126.0000000000,300.014,200.000,180.000000,0.000000,0.000000,0.000000,0.000000,0.000000
45.1,32.0392525459,126.0000000000,300.014,200.000,180.000000,0.000000,0.000000,0.000000,0.000000,0.000000
45.2,32.0390735050,126.0000000000,300.014,200.000,180.000000,0.000000,0.000000,0.000000,0.000000,0.000000
45.3,32.0388944640,126.0000000000,300.014,200.000,180.000000,0.000000,0.000000,0.000000,0.000000,0.000000
45.4,32.0387154231,126.0000000000,300.014,200.000,180.000000,0.000000,0.000000,0.000000,0.000000,0.000000
45.5,32.0385363822,126.0000000000,300.014,200.000,180.000000,0.000000,0.000000,0.000000,0.000000,0.000000
45.6,32.0383573413,126.0000000000,300.014,200.000,180.000000,0.000000,0.000000,0.000000,0.000000,0.000000
45.7,32.0381783004,126.0000000000,300.014,200.000,180.000000,0.000000,0.000000,0.000000,0.000000,0.000000
45.8,32.0379992594,126.0000000000,300.014,200.000,180.000000,0.000000,0.000000,0.000000,0.000000,0.000000
45.9,32.0378202185,126.0000000000,300.014,200.000,180.000000,0.000000,0.000000,0.000000,0.000000,0.000000
46.0,32.0376411776,126.0000000000,300.014,200.000,180.000000,0.000000,0.000000,0.000000,0.000000,0.000000
46.1,32.0374621367,126.0000000000,300.014,200.000,180.000000,0.000000,0.000000,0.000000,0.000000,0.000000
46.2,32.0372830958,126.0000000000,300.014,200.000,180.000000,0.000000,0.000000,0.000000,0.000000,0.000000
46.3,32.0371040549,126.0000000000,300.014,200.000,180.000000,0.000000,0.000000,0.000000,0.000000,0.000000
46.4,32.0369250139,126.0000000000,300.014,200.000,180.000000,0.000000,0.000000,0.000000,0.000000,0.000000
46.5,32.0367459730,126.0000000000,300.015,200.000,180.000000,0.000000,0.000000,0.000000,0.000000,0.000000
46.6,32.0365669321,126.0000000000,300.015,200.000,180.000000,0.000000,0.000000,0.000000,0.000000,0.000000
46.7,32.0363878912,126.0000000000,300.015,200.000,180.000000,0.000000,0.000000,0.000000,0.000000,0.000000
46.8,32.0362088503,126.0000000000,300.015,200.000,180.000000,0.000000,0.000000,0.000000,0.000000,0.000000
46.9,32.0360298094,126.0000000000,300.015,200.000,180.000000,0.000000,0.000000,0.000000,0.000000,0.000000
47.0,32.0358507684,126.0000000000,300.015,200.000,180.000000,0.000000,0.000000,0.000000,0.000000,0.000000
47.1,32.0356717275,126.0000000000,300.015,200.000,180.000000,0.000000,0.000000,0.000000,0.000000,0.000000
47.2,32.0354926866,126.0000000000,300.015,200.000,180.000000,0.000000,0.000000,0.000000,0.000000,0.000000
47.3,32.0353136457,126.0000000000,300.015,200.000,180.000000,0.000000,0.000000,0.000000,0.000000,0.000000
47.4,32.0351346048,126.0000000000,300.015,200.000,180.000000,0.000000,0.000000,0.000000,0.000000,0.000000
47.5,32.0349555638,126.0000000000,300.015,200.000,180.000000,0.000000,0.000000,0.000000,0.000000,0.000000
47.6,32.0347765229,126.0000000000,300.015,200.000,180.000000,0.000000,0.000000,0.000000,0.000000,0.000000
47.7,32.0345974820,126.0000000000,300.015,200.000,180.000000,0.000000,0.000000,0.000000,0.000000,0.000000
47.8,32.0344184411,126.0000000000,300.015,200.000,180.000000,0.000000,0.000000,0.000000,0.000000,0.000000
47.9,32.0342394002,126.0000000000,300.015,200.000,180.000000,0.000000,0.000000,0.000000,0.000000,0.000000
48.0,32.0340603593,126.0000000000,300.015,200.000,180.000000,0.000000,0.000000,0.000000,0.000000,0.000000
48.1,32.0338813183,126.0000000000,300.015,200.000,180.000000,0.000000,0.000000,0.000000,0.000000,0.000000
48.2,32.0337022774,126.0000000000,300.015,200.000,180.000000,0.000000,0.000000,0.000000,0.000000,0.000000
48.3,32.0335232365,126.0000000000,300.015,200.000,180.000000,0.000000,0.000000,0.000000,0.000000,0.000000
48.4,32.0333441956,126.0000000000,300.015,200.000,180.000000,0.000000,0.000000,0.000000,0.000000,0.000000
48.5,32.0331651547,126.0000000000,300.015,200.000,180.000000,0.000000,0.000000,0.000000,0.000000,0.000000
48.6,32.0329861137,126.0000000000,300.015,200.000,180.000000,0.000000,0.000000,0.000000,0.000000,0.000000
48.7,32.0328070728,126.0000000000,300.015,200.000,180.000000,0.000000,0.000000,0.000000,0.000000,0.000000
48.8,32.0326280319,126.0000000000,300.015,200.000,180.000000,0.000000,0.000000,0.000000,0.000000,0.000000
48.9,32.0324489910,126.0000000000,300.015,200.000,180.000000,0.000000,0.000000,0.000000,0.000000,0.000000
49.0,32.0322699501,126.0000000000,300.015,200.000,180.000000,0.000000,0.000000,0.000000,0.000000,0.000000
49.1,32.0320909092,126.0000000000,300.015,200.000,180.000000,0.000000,0.000000,0.000000,0.000000,0.000000
49.2,32.0319118682,126.0000000000,300.015,200.000,180.000000,0.000000,0.000000,0.000000,0.000000,0.000000
49.3,32.0317328273,126.0000000000,300.015,200.000,180.000000,0.000000,0.000000,0.000000,0.000000,0.000000
49.4,32.0315537864,126.0000000000,300.015,200.000,180.000000,0.000000,0.000000,0.000000,0.000000,0.000000
49.5,32.0313747455,126.0000000000,300.015,200.000,180.000000,0.000000,0.000000,0.000000,0.000000,0.000000
49.6,32.0311957046,126.0000000000,300.015,200.000,180.000000,0.000000,0.000000,0.000000,0.000000,0.000000
49.7,32.0310166636,126.0000000000,300.016,200.000,180.000000,0.000000,0.000000,0.000000,0.000000,0.000000
49.8,32.0308376227,126.0000000000,300.016,200.000,180.000000,0.000000,0.000000,0.000000,0.000000,0.000000
49.9,32.0306585818,126.0000000000,300.016,200.000,180.000000,0.000000,0.000000,0.000000,0.000000,0.000000
50.0,32.0304795409,126.0000000000,300.016,200.000,180.000000,0.000000,0.000000,0.000000,0.000000,0.000000
50.1,32.0303005000,126.0000000000,300.016,200.000,180.000000,0.000000,0.000000,0.000000,0.000000,0.000000
50.2,32.0301214591,126.0000000000,300.016,200.000,180.000000,0.000000,0.000000,0.000000,0.000000,0.000000
50.3,32.0299424181,126.0000000000,300.016,200.000,180.000000,0.000000,0.000000,0.000000,0.000000,0.000000
50.4,32.0297633772,126.0000000000,300.016,200.000,180.000000,0.000000,0.000000,0.000000,0.000000,0.000000
50.5,32.0295843363,126.0000000000,300.016,200.000,180.000000,0.000000,0.000000,0.000000,0.000000,0.000000
50.6,32.0294052954,126.0000000000,300.016,200.000,180.000000,0.000000,0.000000,0.000000,0.000000,0.000000
50.7,32.0292262545,126.0000000000,300.016,200.000,180.000000,0.000000,0.000000,0.000000,0.000000,0.000000
50.8,32.0290472135,126.0000000000,300.016,200.000,180.000000,0.000000,0.000000,0.000000,0.000000,0.000000
50.9,32.0288681726,126.0000000000,300.016,200.000,180.000000,0.000000,0.000000,0.000000,0.000000,0.000000
51.0,32.0286891317,126.0000000000,300.016,200.000,180.000000,0.000000,0.000000,0.000000,0.000000,0.000000
51.1,32.0285100908,126.0000000000,300.016,200.000,180.000000,0.000000,0.000000,0.000000,0.000000,0.000000
51.2,32.0283310499,126.0000000000,300.016,200.000,180.000000,0.000000,0.000000,0.000000,0.000000,0.000000
51.3,32.0281520090,126.0000000000,300.016,200.000,180.000000,0.000000,0.000000,0.000000,0.000000,0.000000
51.4,32.0279729680,126.0000000000,300.016,200.000,180.000000,0.000000,0.000000,0.000000,0.000000,0.000000
51.5,32.0277939271,126.0000000000,300.016,200.000,180.000000,0.000000,0.000000,0.000000,0.000000,0.000000
51.6,32.0276148862,126.0000000000,300.016,200.000,180.000000,0.000000,0.000000,0.000000,0.000000,0.000000
51.7,32.0274358453,126.0000000000,300.016,200.000,180.000000,0.000000,0.000000,0.000000,0.000000,0.000000
51.8,32.0272568044,126.0000000000,300.016,200.000,180.000000,0.000000,0.000000,0.000000,0.000000,0.000000
51.9,32.0270777634,126.0000000000,300.016,200.000,180.000000,0.000000,0.000000,0.000000,0.000000,0.000000
52.0,32.0268987225,126.0000000000,300.016,200.000,180.000000,0.000000,0.000000,0.000000,0.000000,0.000000
52.1,32.0267196816,126.0000000000,300.016,200.000,180.000000,0.000000,0.000000,0.000000,0.000000,0.000000
52.2,32.0265406407,126.0000000000,300.016,200.000,180.000000,0.000000,0.000000,0.000000,0.000000,0.000000
52.3,32.0263615998,126.0000000000,300.016,200.000,180.000000,0.000000,0.000000,0.000000,0.000000,0.000000
52.4,32.0261825589,126.0000000000,300.016,200.000,180.000000,0.000000,0.000000,0.000000,0.000000,0.000000
52.5,32.0260035179,126.0000000000,300.016,200.000,180.000000,0.000000,0.000000,0.000000,0.000000,0.000000
52.6,32.0258244770,126.0000000000,300.016,200.000,180.000000,0.000000,0.000000,0.000000,0.000000,0.000000
52.7,32.0256454361,126.0000000000,300.016,200.000,180.000000,0.000000,0.000000,0.000000,0.000000,0.000000
52.8,32.0254663952,126.0000000000,300.016,200.000,180.000000,0.000000,0.000000,0.000000,0.000000,0.000000
52.9,32.0252873543,126.0000000000,300.017,200.000,180.000000,0.000000,0.000000,0.000000,0.000000,0.000000
53.0,32.0251083134,126.0000000000,300.017,200.000,180.000000,0.000000,0.000000,0.000000,0.000000,0.000000
53.1,32.0249292724,126.0000000000,300.017,200.000,180.000000,0.000000,0.000000,0.000000,0.000000,0.000000
53.2,32.0247502315,126.0000000000,300.017,200.000,180.000000,0.000000,0.000000,0.000000,0.000000,0.000000
53.3,32.0245711906,126.0000000000,300.017,200.000,180.000000,0.000000,0.000000,0.000000,0.000000,0.000000
53.4,32.0243921497,126.0000000000,300.017,200.000,180.000000,0.000000,0.000000,0.000000,0.000000,0.000000
53.5,32.0242131088,126.0000000000,300.017,200.000,180.000000,0.000000,0.000000,0.000000,0.000000,0.000000
53.6,32.0240340678,126.0000000000,300.017,200.000,180.000000,0.000000,0.000000,0.000000,0.000000,0.000000
53.7,32.0238550269,126.0000000000,300.017,200.000,180.000000,0.000000,0.000000,0.000000,0.000000,0.000000
53.8,32.0236759860,126.0000000000,300.017,200.000,180.000000,0.000000,0.000000,0.000000,0.000000,0.000000
53.9,32.0234969451,126.0000000000,300.017,200.000,180.000000,0.000000,0.000000,0.000000,0.000000,0.000000
54.0,32.0233179042,126.0000000000,300.017,200.000,180.000000,0.000000,0.000000,0.000000,0.000000,0.000000
54.1,32.0231388633,126.0000000000,300.017,200.000,180.000000,0.000000,0.000000,0.000000,0.000000,0.000000
54.2,32.0229598223,126.0000000000,300.017,200.000,180.000000,0.000000,0.000000,0.000000,0.000000,0.000000
54.3,32.0227807814,126.0000000000,300.017,200.000,180.000000,0.000000,0.000000,0.000000,0.000000,0.000000
54.4,32.0226017405,126.0000000000,300.017,200.000,180.000000,0.000000,0.000000,0.000000,0.000000,0.000000
54.5,32.0224226996,126.0000000000,300.017,200.000,180.000000,0.000000,0.000000,0.000000,0.000000,0.000000
54.6,32.0222436587,126.0000000000,300.017,200.000,180.000000,0.000000,0.000000,0.000000,0.000000,0.000000
54.7,32.0220646177,126.0000000000,300.017,200.000,180.000000,0.000000,0.000000,0.000000,0.000000,0.000000
54.8,32.0218855768,126.0000000000,300.017,200.000,180.000000,0.000000,0.000000,0.000000,0.000000,0.000000
54.9,32.0217065359,126.0000000000,300.017,200.000,180.000000,0.000000,0.000000,0.000000,0.000000,0.000000
55.0,32.0215274950,126.0000000000,300.017,200.000,180.000000,0.000000,0.000000,0.000000,0.000000,0.000000
55.1,32.0213484541,126.0000000000,300.017,200.000,180.000000,0.000000,0.000000,0.000000,0.000000,0.000000
55.2,32.0211694132,126.0000000000,300.017,200.000,180.000000,0.000000,0.000000,0.000000,0.000000,0.000000
55.3,32.0209903722,126.0000000000,300.017,200.000,180.000000,0.000000,0.000000,0.000000,0.000000,0.000000
55.4,32.0208113313,126.0000000000,300.017,200.000,180.000000,0.000000,0.000000,0.000000,0.000000,0.000000
55.5,32.0206322904,126.0000000000,300.017,200.000,180.000000,0.000000,0.000000,0.000000,0.000000,0.000000
55.6,32.0204532495,126.0000000000,300.017,200.000,180.000000,0.000000,0.000000,0.000000,0.000000,0.000000
55.7,32.0202742086,126.0000000000,300.017,200.000,180.000000,0.000000,0.000000,0.000000,0.000000,0.000000
55.8,32.0200951676,126.0000000000,300.017,200.000,180.000000,0.000000,0.000000,0.000000,0.000000,0.000000
55.9,32.0199161267,126.0000000000,300.017,200.000,180.000000,0.000000,0.000000,0.000000,0.000000,0.000000
56.0,32.0197370858,126.0000000000,300.017,200.000,180.000000,0.000000,0.000000,0.000000,0.000000,0.000000
56.1,32.0195580449,126.0000000000,300.018,200.000,180.000000,0.000000,0.000000,0.000000,0.000000,0.000000
56.2,32.0193790040,126.0000000000,300.018,200.000,180.000000,0.000000,0.000000,0.000000,0.000000,0.000000
56.3,32.0191999631,126.0000000000,300.018,200.000,180.000000,0.000000,0.000000,0.000000,0.000000,0.000000
56.4,32.0190209221,126.0000000000,300.018,200.000,180.000000,0.000000,0.000000,0.000000,0.000000,0.000000
56.5,32.0188418812,126.0000000000,300.018,200.000,180.000000,0.000000,0.000000,0.000000,0.000000,0.000000
56.6,32.0186628403,126.0000000000,300.018,200.000,180.000000,0.000000,0.000000,0.000000,0.000000,0.000000
56.7,32.0184837994,126.0000000000,300.018,200.000,180.000000,0.000000,0.000000,0.000000,0.000000,0.000000
56.8,32.0183047585,126.0000000000,300.018,200.000,180.000000,0.000000,0.000000,0.000000,0.000000,0.000000
56.9,32.0181257176,126.0000000000,300.018,200.000,180.000000,0.000000,0.000000,0.000000,0.000000,0.000000
57.0,32.0179466766,126.0000000000,300.018,200.000,180.000000,0.000000,0.000000,0.000000,0.000000,0.000000
57.1,32.0177676357,126.0000000000,300.018,200.000,180.000000,0.000000,0.000000,0.000000,0.000000,0.000000
57.2,32.0175885948,126.0000000000,300.018,200.000,180.000000,0.000000,0.000000,0.000000,0.000000,0.000000
57.3,32.0174095539,126.0000000000,300.018,200.000,180.000000,0.000000,0.000000,0.000000,0.000000,0.000000
57.4,32.0172305130,126.0000000000,300.018,200.000,180.000000,0.000000,0.000000,0.000000,0.000000,0.000000
57.5,32.0170514720,126.0000000000,300.018,200.000,180.000000,0.000000,0.000000,0.000000,0.000000,0.000000
57.6,32.0168724311,126.0000000000,300.018,200.000,180.000000,0.000000,0.000000,0.000000,0.000000,0.000000
57.7,32.0166933902,126.0000000000,300.018,200.000,180.000000,0.000000,0.000000,0.000000,0.000000,0.000000
57.8,32.0165143493,126.0000000000,300.018,200.000,180.000000,0.000000,0.000000,0.000000,0.000000,0.000000
57.9,32.0163353084,126.0000000000,300.018,200.000,180.000000,0.000000,0.000000,0.000000,0.000000,0.000000
58.0,32.0161562675,126.0000000000,300.018,200.000,180.000000,0.000000,0.000000,0.000000,0.000000,0.000000
58.1,32.0159772265,126.0000000000,300.018,200.000,180.000000,0.000000,0.000000,0.000000,0.000000,0.000000
58.2,32.0157981856,126.0000000000,300.018,200.000,180.000000,0.000000,0.000000,0.000000,0.000000,0.000000
58.3,32.0156191447,126.0000000000,300.018,200.000,180.000000,0.000000,0.000000,0.000000,0.000000,0.000000
58.4,32.0154401038,126.0000000000,300.018,200.000,180.000000,0.000000,0.000000,0.000000,0.000000,0.000000
58.5,32.0152610629,126.0000000000,300.018,200.000,180.000000,0.000000,0.000000,0.000000,0.000000,0.000000
58.6,32.0150820219,126.0000000000,300.018,200.000,180.000000,0.000000,0.000000,0.000000,0.000000,0.000000
58.7,32.0149029810,126.0000000000,300.018,200.000,180.000000,0.000000,0.000000,0.000000,0.000000,0.000000
58.8,32.0147239401,126.0000000000,300.018,200.000,180.000000,0.000000,0.000000,0.000000,0.000000,0.000000
58.9,32.0145448992,126.0000000000,300.018,200.000,180.000000,0.000000,0.000000,0.000000,0.000000,0.000000
59.0,32.0143658583,126.0000000000,300.018,200.000,180.000000,0.000000,0.000000,0.000000,0.000000,0.000000
59.1,32.0141868174,126.0000000000,300.018,200.000,180.000000,0.000000,0.000000,0.000000,0.000000,0.000000
59.2,32.0140077764,126.0000000000,300.018,200.000,180.000000,0.000000,0.000000,0.000000,0.000000,0.000000
59.3,32.0138287355,126.0000000000,300.019,200.000,180.000000,0.000000,0.000000,0.000000,0.000000,0.000000
59.4,32.0136496946,126.0000000000,300.019,200.000,180.000000,0.000000,0.000000,0.000000,0.000000,0.000000
59.5,32.0134706537,126.0000000000,300.019,200.000,180.000000,0.000000,0.000000,0.000000,0.000000,0.000000
59.6,32.0132916128,126.0000000000,300.019,200.000,180.000000,0.000000,0.000000,0.000000,0.000000,0.000000
59.7,32.0131125718,126.0000000000,300.019,200.000,180.000000,0.000000,0.000000,0.000000,0.000000,0.000000
59.8,32.0129335309,126.0000000000,300.019,200.000,180.000000,0.000000,0.000000,0.000000,0.000000,0.000000
59.9,32.0127544900,126.0000000000,300.019,200.000,180.000000,0.000000,0.000000,0.000000,0.000000,0.000000
60.0,32.0125754491,126.0000000000,300.019,200.000,180.000000,0.000000,0.000000,0.000000,0.000000,0.000000
